,mean,max
foam,0.8643750000000001,0.89875
tire,0.6809195402298851,0.6652873563218391
peach,0.8218432510885341,0.9938316400580551
cable_gland,0.9107827038861521,0.9584017515051998
carrot,0.8656004489337823,0.9929854096520763
rope,0.9279891304347826,0.8804347826086957
potato,0.6665019762845849,0.9352766798418972
cookie,0.9351595006934813,0.9927184466019418
bagel,0.8558884297520661,0.9101239669421487
dowel,0.9848372781065089,0.9585798816568047
AVerage,0.8513897259409777,0.9186389915188657
